Model,Pairs,Share(%)
Qwen3,42,85.71428571428571
ChatGPT-4o,39,79.59183673469387
Gemini-2.5-Pro-Preview-05-06,38,77.55102040816327
Claude3.7,37,75.51020408163265
Grok3,37,75.51020408163265
ChatGPT-o3,35,71.42857142857143
DeepSeek(R1),34,69.38775510204081
Llama4,29,59.183673469387756
Mistral,20,40.816326530612244
