Votes,NumPairs,Share(%)
1,642,70.08733624454149
2,122,13.318777292576419
3,50,5.458515283842795
4,48,5.240174672489083
5,19,2.074235807860262
6,14,1.5283842794759825
7,8,0.8733624454148471
8,9,0.9825327510917031
9,4,0.43668122270742354
